sample_id,gsm,sample,timepoint,GMP,HSC,Progenitor,Early.Erythrocyte,CD4.Naive,B.Cell,Monocytes,CD4.Memory,CD8.Memory,Early.Basophil,NK,Late.Erythrocyte,CD8.Naive,CD8.Effector,CLP,CD16.Monocytes,Pre.B.Cell,cDC,Plasma,Unknown,pDC
AML16_DX,GSM7494257,AML16,DX,1570,1536,1070,962,406,302,158,157,123,117,110,84,59,37,22,21,10,8,3,1,1
AML16_REL,GSM7494258,AML16,REL,314,1100,623,45,186,205,53,136,200,0,83,46,29,8,1235,0,191,8,10,4,0
AML16_REM,GSM7494259,AML16,REM,15,35,0,58,1087,10,2689,425,58,6,73,1,160,104,2,158,1,128,0,34,109
AML6_DX,GSM7494260,AML6,DX,2909,377,577,45,403,464,869,106,30,37,28,0,51,14,20,8,66,302,15,6,0
AML6_REL,GSM7494261,AML6,REL,56,3662,1188,16,121,106,18,54,17,3,23,1,4,0,53,1,19,15,1,0,0
AML6_REM,GSM7494262,AML6,REM,158,11,28,183,505,2,1310,191,98,3,72,522,158,61,47,42,14,118,4,5,59
AML2_DX,GSM7494263,AML2,DX,1934,271,611,17,28,30,1513,23,15,14,9,64,3,5,91,0,71,184,7,10,33
AML2_REL,GSM7494264,AML2,REL,295,2253,2267,19,129,131,17,37,43,0,25,20,13,8,235,1,54,9,0,0,8
AML2_REM,GSM7494265,AML2,REM,127,46,37,66,205,0,529,54,42,4,50,393,86,10,77,38,12,24,0,2,38
AML15_DX,GSM7494266,AML15,DX,928,1322,1996,789,221,121,67,101,109,17,160,63,42,65,22,7,1,0,6,0,0
AML15_REL,GSM7494267,AML15,REL,212,659,1779,1191,136,272,14,116,198,19,221,127,24,10,57,7,203,0,9,3,2
AML15_REM,GSM7494268,AML15,REM,119,179,48,28,323,2,255,127,105,0,44,277,35,86,59,13,0,46,5,4,53
AML3_DX,GSM7494269,AML3,DX,2078,1430,1694,22,121,58,1955,88,67,8,79,11,48,16,184,11,79,442,0,31,102
AML3_REM,GSM7494270,AML3,REM,72,7,21,319,489,1,394,154,105,1,124,587,83,44,106,33,44,37,0,1,47
AML7_DX,GSM7494271,AML7,DX,0,4,1,1,20,6,2,1,0,0,1,0,0,0,0,0,0,0,0,0,0
AML7_REL,GSM7494272,AML7,REL,577,133,539,12,183,66,555,94,45,4,47,37,31,20,12,2,18,1,2,3,0
AML7_REM,GSM7494273,AML7,REM,19,84,23,58,543,11,562,232,83,2,82,223,61,53,25,16,7,69,1,3,60
AML8_DX,GSM7494274,AML8,DX,441,32,3351,16,339,28,11,19,3,4,26,70,4,6,13,0,7,3,2,0,1
AML8_REL,GSM7494275,AML8,REL,76,58,4156,14,355,41,17,149,40,0,24,130,32,15,15,0,3,17,4,0,11
AML8_REM,GSM7494276,AML8,REM,97,14,108,113,650,0,1129,322,38,12,54,196,89,40,46,23,16,21,2,10,50
AML20_DX,GSM7494277,AML20,DX,913,830,775,259,87,378,2296,40,36,122,30,30,29,20,100,63,16,233,10,28,45
AML20_REM,GSM7494278,AML20,REM,138,27,16,59,361,3,423,96,67,3,39,577,47,16,47,4,10,19,0,2,36
AML5_DX,GSM7494279,AML5,DX,1059,15,577,25,490,885,1800,95,29,38,76,19,88,15,2,8,1,2,0,54,0
AML5_REL,GSM7494280,AML5,REL,336,358,711,71,337,247,1680,101,22,0,55,25,5,5,38,4,197,8,0,6,7
AML5_REM,GSM7494281,AML5,REM,221,257,196,273,685,4,615,96,60,2,66,531,112,50,390,47,18,122,0,2,261
AML17_DX,GSM7494282,AML17,DX,1216,1730,1009,81,107,117,1957,49,61,34,35,15,17,31,113,11,12,253,0,16,31
AML17_REL,GSM7494283,AML17,REL,21,317,449,212,1743,1135,1913,820,618,145,602,72,115,182,87,374,55,200,12,64,31
AML1_REM,GSM7494284,AML1,REM,304,305,2373,11,215,125,126,63,34,35,46,26,13,16,0,3,1,7,0,3,0
AML1_DX,GSM7494285,AML1,DX,166,76,77,77,80,2,326,38,56,2,14,383,24,9,839,14,231,42,0,2,109
AML27_DX,GSM7494286,AML27,DX,468,524,552,79,95,151,964,61,34,33,80,4,8,7,88,32,40,83,1,27,605
AML27_REL,GSM7494287,AML27,REL,549,159,692,167,59,5,395,41,40,4,86,562,11,22,221,26,103,108,1,0,1174
AML27_REM,GSM7494288,AML27,REM,39,6,4,18,2798,14,1150,835,288,1,616,3,409,122,15,91,27,75,7,49,106
AML9_DX,GSM7494289,AML9,DX,517,27,154,13,200,244,6332,60,49,4,95,6,34,17,4,10,2,25,4,39,0
AML9_REL,GSM7494290,AML9,REL,147,182,231,13,1715,506,436,418,222,1,247,92,63,19,45,11,45,4,0,3,0
AML9_REM,GSM7494291,AML9,REM,32,1,6,8,715,1,389,331,192,0,295,82,211,221,7,84,1,71,0,7,103
AML10_DX,GSM7494292,AML10,DX,1375,572,1559,22,50,158,1137,11,11,23,14,0,15,2,74,3,132,95,0,26,0
AML10_REL,GSM7494293,AML10,REL,405,738,462,91,23,35,438,23,25,98,12,88,0,3,39,0,10,89,0,0,1
AML10_REM,GSM7494294,AML10,REM,72,29,26,362,183,0,700,102,49,2,45,872,50,27,34,33,5,40,0,4,60
AML11_DX,GSM7494295,AML11,DX,1265,61,3605,39,904,123,135,321,54,1,52,230,385,45,53,0,52,0,0,10,0
AML11_REL,GSM7494296,AML11,REL,9,1,26,1,5317,797,6,586,605,5,179,0,543,142,22,3,47,1,69,4,2
AML11_REM,GSM7494297,AML11,REM,17,411,69,139,211,0,2775,803,20,15,248,12,33,25,47,251,11,286,0,42,110
AML4_DX,GSM7494298,AML4,DX,813,688,977,48,225,226,1353,43,7,3,9,6,15,12,139,80,32,26,1,7,21
AML4_REL,GSM7494299,AML4,REL,374,537,2576,25,85,282,23,35,23,2,34,54,27,3,1205,39,188,10,0,0,66
AML22_DX,GSM7494300,AML22,DX,609,1418,4437,431,269,49,1,146,30,396,23,28,29,18,3,0,0,0,0,0,0
AML22_REL,GSM7494301,AML22,REL,73,190,2532,34,238,170,3,91,100,8,116,6,44,60,11,5,12,0,8,1,0
AML22_REM,GSM7494302,AML22,REM,276,78,152,20,294,14,904,101,29,7,60,503,23,34,162,83,49,101,0,11,128
AML21_DX,GSM7494303,AML21,DX,407,1169,275,304,241,99,935,52,35,14,21,111,13,16,49,1,15,191,0,5,30
AML21_REL,GSM7494304,AML21,REL,816,1445,1142,152,37,2,775,30,60,3,160,42,6,22,95,169,59,72,0,13,20
AML21_REM,GSM7494305,AML21,REM,207,384,285,131,226,1,244,76,32,7,8,818,29,17,31,1,20,9,0,1,5
AML24_DX,GSM7494306,AML24,DX,1934,1966,766,232,96,57,1120,46,42,30,35,105,11,48,96,8,4,342,7,15,32
AML24_REL,GSM7494307,AML24,REL,17,49,178,55,94,111,103,14,12,4,104,278,2,2,31,27,96,2,0,0,2
AML24_REM,GSM7494308,AML24,REM,47,24,28,40,753,2,183,323,179,3,146,339,121,60,43,39,7,19,16,0,17
AML23_DX,GSM7494309,AML23,DX,73,162,161,24,418,206,18,78,31,2,65,7,18,8,76,0,10,18,0,0,38
AML23_REL,GSM7494310,AML23,REL,1657,2410,1845,87,56,194,1188,25,35,29,122,0,14,27,78,177,2,24,3,82,3
AML23_REM,GSM7494311,AML23,REM,213,53,69,146,2066,1,1714,381,99,3,84,415,255,68,205,236,107,174,1,14,84
AML28_REL,GSM7494312,AML28,REL,365,2172,1002,96,336,209,20,189,362,5,505,224,41,60,870,13,73,1,0,4,38
AML28_REM,GSM7494313,AML28,REM,13,6,3,60,51,0,135,65,37,0,28,18,2,41,1,4,4,17,0,0,15
AML14_DX,GSM7494314,AML14,DX,1213,418,4387,210,102,104,68,66,94,134,101,101,9,26,70,3,79,2,4,0,0
AML14_REM,GSM7494315,AML14,REM,59,43,18,98,41,1,335,34,60,6,15,631,20,10,16,23,3,22,30,0,56
AML25_DX,GSM7494316,AML25,DX,275,1465,1352,1313,261,83,789,76,40,322,63,7,32,25,3,102,0,9,0,2,8
AML25_REL,GSM7494317,AML25,REL,505,146,2473,212,118,115,97,59,77,27,47,581,58,34,52,24,176,11,0,0,18
AML25_REM,GSM7494318,AML25,REM,124,71,31,51,551,9,953,236,145,2,150,1056,96,89,102,85,7,90,1,11,112
AML26_DX,GSM7494319,AML26,DX,305,633,5176,313,92,50,34,259,30,220,39,38,8,9,687,0,17,0,5,0,0
AML26_REL,GSM7494320,AML26,REL,1528,1677,3254,203,56,68,95,48,90,64,50,18,13,12,28,2,32,0,0,1,0
AML26_REM,GSM7494321,AML26,REM,166,11,28,31,524,2,773,153,166,1,153,521,80,68,56,115,25,54,6,10,67
AML19_DX,GSM7494322,AML19,DX,669,1772,991,121,94,60,990,28,18,59,34,21,23,11,59,46,22,135,1,11,14
AML19_REL,GSM7494323,AML19,REL,223,273,272,61,98,86,200,38,16,32,24,53,34,2,73,12,86,81,2,10,60
AML18_DX,GSM7494324,AML18,DX,920,1136,908,31,202,73,2939,46,17,23,16,2,73,5,72,81,56,535,33,26,174
AML18_REL,GSM7494325,AML18,REL,83,490,226,139,179,1041,44,72,59,23,100,103,17,30,130,9,48,0,1,2,19
AML12_DX,GSM7494326,AML12,DX,2045,548,1034,432,30,117,2697,41,7,246,38,5,7,7,34,175,73,64,0,15,0
AML12_REL,GSM7494327,AML12,REL,547,1807,961,231,184,92,63,77,82,57,85,80,35,29,288,3,57,5,3,0,0
AML12_REM,GSM7494328,AML12,REM,274,227,13,43,281,6,1140,139,97,1,125,307,44,32,84,14,33,196,8,6,208
AML13_DX,GSM7494329,AML13,DX,322,743,630,123,990,265,294,580,60,79,31,134,68,33,33,12,2,2,6,2,1
AML13_REL,GSM7494330,AML13,REL,332,1645,2665,373,330,546,35,130,76,201,113,104,32,38,83,2,118,4,1,3,7
AML13_REM,GSM7494331,AML13,REM,478,61,170,1372,783,8,521,164,71,1,16,1147,46,21,1150,21,395,81,1,3,67
